MANUAL ENTRIES HERE,Unnamed: 1,Box 1 Dimension Details,Unnamed: 3,Unnamed: 4,Unnamed: 5,Box 2 Dimension Details,Unnamed: 7,Unnamed: 8,Unnamed: 9,Box 3 Dimension Details,Unnamed: 11,Unnamed: 12,Unnamed: 13,Unnamed: 14,Vol.Wht,Total Weight,Unnamed: 17,Chg.Wht,Theoretical Weight ,Unnamed: 20,Unnamed: 21,Unnamed: 22,Unnamed: 23,Unnamed: 24
,,Long,Med,Smal,Actual.Wht,Long,Med,Smal,Actual.Wht,Long,Med,Smal,Actual.Wht,CBF,6,Phys.Wht,Wht(Kgs),,,Difference,Diff %,KG/CBF,,Remark
MTP SKU Code,SB/MB,Lcm,Bcm,Hcm,PW(gm),Lcm2,Bcm3,Hcm4,PW(gm)5,Lcm6,Bcm7,Hcm8,PW(gm)9,Column15,Kgs,Gms,Kgs10,Column11,Column12,Column13,Column14,Column16,x,Remark
B-MLT-KT,MB,204,39,6,26800,190,80,6,32100,107,96,7,40400,7.4468688,99300,99300,99300,99300,99300,0,0,13334.463472755153,,phy. not avilable
B-MLT-QT,MB,204,39,7,25770,162,81,5,28000,104,80,7,35000,6.341423440000001,88770,88770,88770,88770,88770,0,0,13998.434395669372,,ok
B-POL-KN,MB,205,54,10,35000,105,94,5,35000,,,,,5.652966,70000,70000,70000,70000,70000,0,0,12382.8800668534,,phy. not avilable
B-POL-KT,MB,207,38,8,34800,192,40,6,22700,105,96,7,38800,6.34234176,96300,96300,96300,96300,96300,0,0,15183.666166863894,,ok
B-POL-QN,MB,206,50,10,46000,102,79,5,24000,,,,,5.0610028,70000,70000,70000,70000,70000,0,0,13831.250992392259,,phy. not avilable
B-POL-QT,MB,202,40,9,34290,162,40,6,18850,104,82,7,37400,6.05017472,90540,90540,90540,90540,90540,0,0,14964.857081019967,,ok
B-POL-SN,MB,204,48,6,31000,106,96,3,15100,,,,,3.1533696,46100,46100,46100,46100,46100,0,0,14619.28217992588,,ok
B-RVB-D30N, ,,,,,,,,,,,,,0,0,0,0,0,0,0,,,,phy. not avilable
B-RVB-D36N,SB,188,44,9,33270,,,,,,,,,2.62950336,33270,33270,33270,33270,33270,0,0,12652.579382899134,,ok
B-RVB-KN,MB,206,50,8,45600,105,96,5,27600,,,,,4.690496,73200,73200,73200,73200,73200,0,0,15606.025460846784,,ok
B-RVB-QN,MB,205,50,8,41950,104,84,5,23100,,,,,4.4390176,65050,65050,65050,65050,65050,0,0,14654.143295129086,,ok
B-RVB-SN,MB,199,38,9,30460,99,54,5,16000,,,,,3.34791216,46460,46460,46460,46460,46460,0,0,13877.305550334391,,ok
BT-CO,SB,72,39,5,6470,,,,,,,,,0.4958928,6470,6470,6470,6470,6470,0,0,13047.174711953874,,ok
BT-HE,SB,42,41,6,4300,,,,,,,,,0.36492623999999996,4300,4300,4300,4300,4300,0,0,11783.203093315517,,ok
BT-LE-B,`,64,58,12,15000,,,,,,,,,1.57329408,15000,15000,15000,15000,15000,0,0,9534.136173702504,,phy. not avilable
BT-LE-S, ,,,,,,,,,,,,,0,0,0,0,0,0,0,,,,phy. not avilable
BT-OL,SB,48,45,5,7700,,,,,,,,,0.381456,7700,7700,7700,7700,7700,0,0,20185.814353424772,,ok
BT-OL-D,SB,60,44,7,10490,,,,,,,,,0.6527136,10490,10490,10490,10490,10490,0,0,16071.367288807833,,ok
CMB-RELO, ,,,,,,,,,,,,,0,0,0,0,0,0,0,,,,phy. not avilable
CT-ATD-LA,SB,123,56,5,24490,,,,,,,,,1.2164207999999999,24490,24490,24490,24490,24490,0,0,20132.835610834674,,phy. not avilable
CT-ATD,SB,,,,15800,,,,,,,,,0,15800,15800,15800,15800,15800,0,0,,,phy. not avilable
CT-ATD-ST,SB,112,51,5,14800,,,,,,,,,1.0087392,14800,14800,14800,14800,14800,0,0,14671.780376929935,,ok
CT-DOV,SB,111,50,8,21750,,,,,,,,,1.568208,21750,21750,21750,21750,21750,0,0,13869.333659820635,,ok
CT-ETE,SB,106,50,7,12400,,,,,,,,,1.310372,12400,12400,12400,12400,12400,0,0,9462.961662794993,,ok
CT-GSE-RT,SB,99,50,4,6120,,,,,,,,,0.6993360000000001,6120,6120,6120,6120,6120,0,0,8751.158241531966,,ok
CT-GSE-RT2,SB,98,51,4,11390,,,,,,,,,0.70611744,11390,11390,11390,11390,11390,0,0,16130.461244520458,,ok
CT-GSE-SQ,SB,75,75,4,8200,,,,,,,,,0.7947,8200,8200,8200,8200,8200,0,0,10318.359129231158,,ok
CT-GSE-SQ2,SB,76,76,4,12200,,,,,,,,,0.81603328,12200,12200,12200,12200,12200,0,0,14950.370651549898,,ok
CT-KV-RT,SB,105,51,7,11800,,,,,,,,,1.3239702,11800,11800,11800,11800,11800,0,0,8912.587307478672,,phy. not avilable
CT-KV-SQ,SB,81,80,7,16900,,,,,,,,,1.6021151999999999,16900,16900,16900,16900,16900,0,0,10548.554810540467,,ok
CT-LE,SB,114,56,7,10850,,,,,,,,,1.57838016,10850,10850,10850,10850,10850,0,0,6874.136076317634,,phy. not avilable
CT-MD-RT,SB,104,60,7,17700,,,,,,,,,1.5427776,17700,17700,17700,17700,17700,0,0,11472.813709506801,,phy. not avilable
CT-MD-SQ,SB,85,84,6,17400,,,,,,,,,1.5131088000000001,17400,17400,17400,17400,17400,0,0,11499.503538674811,,phy. not avilable
CT-MT-RO,MB,70,68,8,6920,52,12,12,1200,,,,,1.6094617599999999,8120,8120,8120,8120,8120,0,0,5045.164912771833,,ok
CT-MT-RT,MB,100,54,4,5400,52,12,12,1200,,,,,1.0273881599999999,6600,6600,6600,6600,6600,0,0,6424.056901726413,,ok
CT-MT-SQ,MB,80,80,5,6195,52,12,12,1200,,,,,1.39471616,7395,7395,7395,7395,7395,0,0,5302.154095640507,,ok
CT-NO-RT,SB,85,45,6,10800,,,,,,,,,0.810594,10800,10800,10800,10800,10800,0,0,13323.562720671507,,ok
CT-NO-SQ,SB,76,76,5,12460,,,,,,,,,1.0200415999999999,12460,12460,12460,12460,12460,0,0,12215.188086446671,,ok
CT-OL,SB,101,47,5,12400,,,,,,,,,0.8383202,12400,12400,12400,12400,12400,0,0,14791.484208539889,,phy. not avilable
CT-OSN-OV,SB,105,65,4,9640,,,,,,,,,0.9642360000000001,9640,9640,9640,9640,9640,0,0,9997.552466408637,,phy. not avilable
CT-OSN-RT,SB,100,50,5,9000,,,,,,,,,0.883,9000,9000,9000,9000,9000,0,0,10192.525481313703,,phy. not avilable
CT-SH,SB,85,49,7,11890,,,,,,,,,1.0297546,11890,11890,11890,11890,11890,0,0,11546.440287812262,,ok
CT-SY,SB,80,66,8,11850,,,,,,,,,1.4919168,11850,11850,11850,11850,11850,0,0,7942.80217234634,,ok
CT-TLY,SB,95,50,7,12850,,,,,,,,,1.17439,12850,12850,12850,12850,12850,0,0,10941.850662897334,,phy. not avilable
CT-TR-RT,SB,102,57,6,12000,,,,,,,,,1.23210288,12000,12000,12000,12000,12000,0,0,9739.446433239405,,phy. not avilable
CT-TR-RTS,SB,110,50,5,12750,,,,,,,,,0.9713,12750,12750,12750,12750,12750,0,0,13126.73736229795,,phy. not avilable
CT-TYU,SB,87,45,8,9500,,,,,,,,,1.1062224,9500,9500,9500,9500,9500,0,0,8587.784879423883,,phy. not avilable
CT-VC,SB,88,45,9,15400,,,,,,,,,1.2588047999999998,15400,15400,15400,15400,15400,0,0,12233.8268808635,,ok
DC-CLV,SB,85,49,7,35690,,,,,,,,,1.0297546,35690,35690,35690,35690,35690,0,0,34658.742966528145,,ok
DC-MYN-LA,MB,127,45,13,43220,79,45,15,24545,,,,,4.5075384000000005,67765,67765,67765,67765,67765,0,0,15033.704427232387,,ok
DC-MYN-ST,SB,85,50,18,40840,,,,,,,,,2.70198,40840,40840,40840,40840,40840,0,0,15114.8417086729,,ok
DT-GRA,SB,67,40,4,5350,,,,,,,,,0.37863040000000003,5350,5350,5350,5350,5350,0,0,14129.87441050692,,phy. not avilable
DT-HE-3,SB,85,85,5,9920,,,,,,,,,1.2759349999999998,9920,9920,9920,9920,9920,0,0,7774.69071700361,,phy. not avilable
DT-HE-4,SB,158,80,4,15110,,,,,,,,,1.7857792000000001,15110,15110,15110,15110,15110,0,0,8461.292415098125,,ok
DT-MR,SB,116,40,6,6000,,,,,,,,,0.9833088,6000,6000,6000,6000,6000,0,0,6101.8471511696025,,ok
FT-EDR,SB,68,46,5,8810,,,,,,,,,0.5524048,8810,8810,8810,8810,8810,0,0,15948.449397977714,,ok
GH-CE,SB,83,35,7,3700,,,,,,,,,0.7182322,3700,3700,3700,3700,3700,0,0,5151.53734405113,,ok
GH-IS,SB,31,27,6,1250,,,,,,,,,0.17737704,1250,1250,1250,1250,1250,0,0,7047.135300036577,,ok
KH-EDL,SB,24,11,5,300,,,,,,,,,0.0466224,300,300,300,300,300,0,0,6434.675177597035,,phy. not avilable
KH-LKN-6,SB,26,25,5,800,,,,,,,,,0.11478999999999999,800,800,800,800,800,0,0,6969.2481923512505,,phy. not avilable
KH-RMT,SB,22,22,4,400,,,,,,,,,0.06837952,400,400,400,400,400,0,0,5849.704706906396,,phy. not avilable
KH-RZ,SB,35,32,6,900,,,,,,,,,0.23735040000000002,900,900,900,900,900,0,0,3791.862158226824,,ok
KHS-SW-W1,SB,28,20,6,840,,,,,,,,,0.11867520000000001,840,840,840,840,840,0,0,7078.142695356738,,ok
KH-SW-W10,SB,25,24,5,700,,,,,,,,,0.10596,700,700,700,700,700,0,0,6606.266515666289,,ok
KH-SW-W21,SB,33,32,6,1200,,,,,,,,,0.22378752,1200,1200,1200,1200,1200,0,0,5362.229314664196,,ok
KH-SW-WB,SB,24,11,5,195,,,,,,,,,0.0466224,195,195,195,195,195,0,0,4182.538865438072,,ok
KH-TO-18,SB,39,30,8,3200,,,,,,,,,0.33059520000000003,3200,3200,3200,3200,3200,0,0,9679.511378265624,,ok
KH-TO-40,SB,60,35,8,5245,,,,,,,,,0.593376,5245,5245,5245,5245,5245,0,0,8839.252008844307,,ok
KH-VD,SB,25,20,5,430,,,,,,,,,0.0883,430,430,430,430,430,0,0,4869.762174405436,,ok
KH-WLR,SB,35,14,4,390,,,,,,,,,0.0692272,390,390,390,390,390,0,0,5633.623777936996,,ok
KR-JSD,SB,82,20,10,7500,,,,,,,,,0.5792480000000001,7500,7500,7500,7500,7500,0,0,12947.822003701349,,ok
LT-FN,SB,67,40,4,3300,,,,,,,,,0.37863040000000003,3300,3300,3300,3300,3300,0,0,8715.623468163147,,phy. not avilable
MD-TNO-L,SB,100,46,9,12200,,,,,,,,,1.462248,12200,12200,12200,12200,12200,0,0,8343.317959744174,,ok
MD-TNO-S,SB,65,46,9,8700,,,,,,,,,0.9504612,8700,8700,8700,8700,8700,0,0,9153.450977272929,,ok
PF-MIS-RT,SB,38,33,32,1700,,,,,,,,,1.4173209599999999,1700,1700,1700,1700,1700,0,0,1199.446030911728,,phy. not avilable
PF-NAH-RO,SB,39,27,24,1700,,,,,,,,,0.89260704,1700,1700,1700,1700,1700,0,0,1904.533488779116,,phy. not avilable
PU-SDI-ST,SB,73,51,8,7890,,,,,,,,,1.05197088,7890,7890,7890,7890,7890,0,0,7500.207610309517,,ok
RH-OT,SB,24,19,9,730,,,,,,,,,0.14495328,730,730,730,730,730,0,0,5036.105426520877,,ok
RH-RL,SB,20,17,12,710,,,,,,,,,0.1441056,710,710,710,710,710,0,0,4926.942464414985,,ok
RH-SU-2-2, ,,,,,,,,,,,,,0,0,0,0,0,0,0,,,,phy. not avilable
RH-SU-4,SB,37,13,7,1000,,,,,,,,,0.11892244,1000,1000,1000,1000,1000,0,0,8408.841930925735,,phy. not avilable
RT-ALY,SB,130,54,9,24450,,,,,,,,,2.2315176,24450,24450,24450,24450,24450,0,0,10956.669129564561,,ok
RT-AT,SB,130,42,5,17400,,,,,,,,,0.9642360000000001,17400,17400,17400,17400,17400,0,0,18045.374783766627,,ok
RT-DR,SB,137,70,9,39450,,,,,,,,,3.0484692,39450,39450,39450,39450,39450,0,0,12940.921299122852,,ok
RT-FR,SB,162,73,8,24450,,,,,,,,,3.34155456,24450,24450,24450,24450,24450,0,0,7316.953699537978,,ok
RT-RI,SB,103,57,7,10800,,,,,,,,,1.45154604,10800,10800,10800,10800,10800,0,0,7440.342712105777,,ok
RT-RI-M,SB,78,62,7,7690,,,,,,,,,1.19565264,7690,7690,7690,7690,7690,0,0,6431.6338564685475,,ok
RT-T,SB,51,17,4,1100,,,,,,,,,0.12248976,1100,1100,1100,1100,1100,0,0,8980.342520060452,,ok
S-AB,SB,94,36,6,5890,,,,,,,,,0.71713728,5890,5890,5890,5890,5890,0,0,8213.211283619226,,ok
S-AE,SB,144,41,5,13620,,,,,,,,,1.0426464,13620,13620,13620,13620,13620,0,0,13062.913754845364,,ok
S-AI,SB,134,20,5,3890,,,,,,,,,0.47328800000000004,3890,3890,3890,3890,3890,0,0,8219.097040279914,,ok
S-AO,SB,95,27,6,5850,,,,,,,,,0.5435748,5850,5850,5850,5850,5850,0,0,10762.088308729542,,ok
S-ATL,SB,76,19,9,3800,,,,,,,,,0.45901872000000005,3800,3800,3800,3800,3800,0,0,8278.529468253495,,ok
SB-AA,SB,24,19,11,1640,,,,,,,,,0.17716511999999998,1640,1640,1640,1640,1640,0,0,9256.901132683455,,phy. not avilable
SB-AL-2,SB,23,19,12,1890,,,,,,,,,0.18521808,1890,1890,1890,1890,1890,0,0,10204.187409782025,,phy. not avilable
SB-AL-4,SB,23,19,20,2890,,,,,,,,,0.3086968,2890,2890,2890,2890,2890,0,0,9361.937020403191,,phy. not avilable
SB-ASG,SB,100,29,8,15800,,,,,,,,,0.8194239999999999,15800,15800,15800,15800,15800,0,0,19281.836997695944,,ok
SB-AXA-4,SB,160,34,10,25790,,,,,,,,,1.921408,25790,25790,25790,25790,25790,0,0,13422.448537738992,,ok
SB-AXA-51,SB,170,32,7,19850,,,,,,,,,1.3449856,19850,19850,19850,19850,19850,0,0,14758.522321725972,,ok
SB-AXA-52,SB,173,36,10,30450,,,,,,,,,2.1997296,30450,30450,30450,30450,30450,0,0,13842.610473578208,,ok
SB-CA,SB,71.5,16,6,2850,,,,,,,,,0.24243648,2850,2850,2850,2850,2850,0,0,11755.656574456121,,phy. not avilable
SB-CB,SB,66,30,23,20890,,,,,,,,,1.6084728,20890,20890,20890,20890,20890,0,0,12987.47482705334,,ok
SB-CB.P-T,SB,128,30,9,24000,,,,,,,,,1.2206592,24000,24000,24000,24000,24000,0,0,19661.50748710205,,phy. not avilable
SB-CS-LA,SB,98,29,8,6800,,,,,,,,,0.80303552,6800,6800,6800,6800,6800,0,0,8467.869515908835,,ok
SB-CS-ST,SB,67,19,10,4300,,,,,,,,,0.4496236,4300,4300,4300,4300,4300,0,0,9563.554937952546,,phy. not avilable
SB-JMY,SB,84,28,19,22300,,,,,,,,,1.57838016,22300,22300,22300,22300,22300,0,0,14128.40870985099,,phy. not avilable
SB-LGN,SB,143,28,7,10500,,,,,,,,,0.98994896,10500,10500,10500,10500,10500,0,0,10606.607435599508,,ok
SB-MOL,SB,185,32,8,18850,,,,,,,,,1.6727551999999999,18850,18850,18850,18850,18850,0,0,11268.833598604268,,phy. not avilable
SB-MPL,SB,87,20,9,5890,,,,,,,,,0.5531112,5890,5890,5890,5890,5890,0,0,10648.853250485616,,ok
SB-MXL-LA,SB,159,30,10,24450,,,,,,,,,1.684764,24450,24450,24450,24450,24450,0,0,14512.41835651759,,ok
SB-MXL-ST,SB,84,29,10,10850,,,,,,,,,0.8603952,10850,10850,10850,10850,10850,0,0,12610.484112417178,,phy. not avilable
SB-NBK,SB,165,36,9,24450,,,,,,,,,1.8882072,24450,24450,24450,24450,24450,0,0,12948.79078948539,,ok
SB-OS,SB,121,45,6,9850,,,,,,,,,1.1539043999999998,9850,9850,9850,9850,9850,0,0,8536.23575748563,,phy. not avilable
SB-PH,SB,74,17,5,2350,,,,,,,,,0.2221628,2350,2350,2350,2350,2350,0,0,10577.828511343934,,ok
S-BR-4,SB,75,36,5,3725,,,,,,,,,0.47682,3725,3725,3725,3725,3725,0,0,7812.172308208548,,phy. not avilable
S-BR-6,SB,68,37,6,3890,,,,,,,,,0.53319072,3890,3890,3890,3890,3890,0,0,7295.700870412748,,ok
S-BR-F6,SB,119,30,6,6500,,,,,,,,,0.7565544000000001,6500,6500,6500,6500,6500,0,0,8591.583103607618,,ok
SB-SML, ,,,,,,,,,,,,,0,0,0,0,0,0,0,,,,phy. not avilable
SB-SN-D,SB,181,32,9,31750,,,,,,,,,1.84116096,31750,31750,31750,31750,31750,0,0,17244.55421865995,,ok
SB-SN-N,SB,165,34,9,21800,,,,,,,,,1.7833068,21800,21800,21800,21800,21800,0,0,12224.48094741746,,ok
SB-WA,SB,144,31,5,7600,,,,,,,,,0.7883424,7600,7600,7600,7600,7600,0,0,9640.481090450037,,ok
SB-WA-WM,SB,144,21,7,7510,,,,,,,,,0.74765376,7510,7510,7510,7510,7510,0,0,10044.756546131728,,ok
SB-WLB,SB,158,31,9,18485,,,,,,,,,1.5569762400000002,18485,18485,18485,18485,18485,0,0,11872.371282942633,,ok
S-CC,SB,187,43,5,13800,,,,,,,,,1.4200405999999999,13800,13800,13800,13800,13800,0,0,9718.032005563786,,phy. not avilable
S-CK-2, ,,,,,,,,,,,,,0,0,0,0,0,0,0,,,,phy. not avilable
S-CRF,SB,97,20,10,8895,,,,,,,,,0.685208,8895,8895,8895,8895,8895,0,0,12981.45964437076,,ok
S-ERA,SB,69,35,8,9890,,,,,,,,,0.6823824000000001,9890,9890,9890,9890,9890,0,0,14493.339804778083,,ok
S-ETN,SB,87,19,8,4360,,,,,,,,,0.46707168,4360,4360,4360,4360,4360,0,0,9334.755641789287,,ok
S-FE-W2,SB,19.5,19,7,900,,,,,,,,,0.09160241999999999,900,900,900,900,900,0,0,9825.067940344808,,phy. not avilable
S-GRB,SB,69,19,9,3890,,,,,,,,,0.41674068000000003,3890,3890,3890,3890,3890,0,0,9334.34192217568,,phy. not avilable
SH-CHR,SB,,,,1260,,,,,,,,,0,1260,1260,1260,1260,1260,0,0,,,phy. not avilable
S-JVS,SB,82,20,9,6800,,,,,,,,,0.5213232,6800,6800,6800,6800,6800,0,0,13043.73179632136,,ok
S-LC,SB,61,17,6,1890,,,,,,,,,0.21976104000000002,1890,1890,1890,1890,1890,0,0,8600.25052666296,,phy. not avilable
S-LO,SB,113,18,4,2890,,,,,,,,,0.28736352,2890,2890,2890,2890,2890,0,0,10056.948077473438,,ok
SL-VE-18, ,,,,,,,,,,,,,0,0,0,0,0,0,0,,,,phy. not avilable
SL-VE-P,SB,50,29,8,1890,,,,,,,,,0.40971199999999997,1890,1890,1890,1890,1890,0,0,4612.99644628422,,phy. not avilable
S-MO-3,SB,27.5,27.5,17.5,2890,,,,,,,,,0.467438125,2890,2890,2890,2890,2890,0,0,6182.636471939468,,phy. not avilable
S-MO-5,SB,26,25,25,4500,,,,,,,,,0.5739500000000001,4500,4500,4500,4500,4500,0,0,7840.404216395155,,phy. not avilable
S-PTE,SB,144,20,8,11600,,,,,,,,,0.8137728000000001,11600,11600,11600,11600,11600,0,0,14254.592928148986,,ok
S-PTE-W,SB,145,22,9,11430,,,,,,,,,1.0140372,11430,11430,11430,11430,11430,0,0,11271.775828342392,,ok
SR-BKN-2,SB,83,43,15,19850,,,,,,,,,1.8908562,19850,19850,19850,19850,19850,0,0,10497.889791936585,,phy. not avilable
SR-CLE,SB,81,43,14,20800,,,,,,,,,1.72227384,20800,20800,20800,20800,20800,0,0,12077.057385949729,,ok
SR-CLM-2,SB,82,43,13,16850,,,,,,,,,1.6189981599999999,16850,16850,16850,16850,16850,0,0,10407.670877155291,,ok
SR-CLM-3,SB,129,43,13,26300,,,,,,,,,2.54696052,26300,26300,26300,26300,26300,0,0,10326.033636359625,,ok
SR-CLM-T,SB,129,43,13,30000,,,,,,,,,2.54696052,30000,30000,30000,30000,30000,0,0,11778.745592805655,,ok
SR-KPN,SB,148,40,12,33500,,,,,,,,,2.5091328,33500,33500,33500,33500,33500,0,0,13351.226367930783,,ok
SR-LRL,SB,103,35,7,12210,,,,,,,,,0.8913002,12210,12210,12210,12210,12210,0,0,13699.088141122375,,phy. not avilable
SR-MVS,SB,93,42,9,30650,,,,,,,,,1.24163928,30650,30650,30650,30650,30650,0,0,24685.10822241384,,ok
SR-OLY,SB,147,38,11,29450,,,,,,,,,2.17027272,29450,29450,29450,29450,29450,0,0,13569.723163640007,,ok
SR-PRG,SB,140,49,12,35720,,,,,,,,,2.9075424,35720,35720,35720,35720,35720,0,0,12285.289459579333,,ok
SR-WHTO,SB,117,42,17,24400,,,,,,,,,2.95056216,24400,24400,24400,24400,24400,0,0,8269.61056126335,,ok
S-RY,SB,67,19,9,3890,,,,,,,,,0.40466124000000003,3890,3890,3890,3890,3890,0,0,9612.97899447943,,phy. not avilable
S-SB-S3,SB,32,32,12,1890,,,,,,,,,0.43401216000000004,1890,1890,1890,1890,1890,0,0,4354.716697338618,,phy. not avilable
S-T-16S4,SB,86.5,16,6,3890,,,,,,,,,0.29329728000000005,3890,3890,3890,3890,3890,0,0,13262.993778871729,,phy. not avilable
ST-AML,SB,122,63,8,18890,,,,,,,,,2.17175616,18890,18890,18890,18890,18890,0,0,8698.029893006036,,ok
ST-CBN,SB,152,58,9,31890,,,,,,,,,2.80243008,31890,31890,31890,31890,31890,0,0,11379.409687181205,,ok
ST-CBN-LS,SB,125,53,13,17600,,,,,,,,,3.0419349999999996,17600,17600,17600,17600,17600,0,0,5785.790952140661,,phy. not avilable
ST-CBN-S,SB,107,59,8,12700,,,,,,,,,1.78380128,12700,12700,12700,12700,12700,0,0,7119.62713694207,,ok
ST-CND-LA,SB,112,51,8,14550,,,,,,,,,1.61398272,14550,14550,14550,14550,14550,0,0,9014.966405588282,,phy. not avilable
ST-CND-ST,SB,85.7,45.7,6.5,12000,,,,,,,,,0.8991477742,12000,12000,12000,12000,12000,0,0,13345.970867443648,,phy. not avilable
S-TCW-10P2,SB,35,33,7,1535,,,,,,,,,0.2855622,1535,1535,1535,1535,1535,0,0,5375.361304822557,,ok
S-TCW-8P2,SB,76,26,5,945,,,,,,,,,0.3489616,945,945,945,945,945,0,0,2708.0343510575376,,phy. not avilable
ST-EFI-LA,SB,114,60,5,13200,,,,,,,,,1.2079440000000001,13200,13200,13200,13200,13200,0,0,10927.658898094613,,ok
ST-EFI-ST,SB,97,51,5,9140,,,,,,,,,0.8736402,9140,9140,9140,9140,9140,0,0,10461.972789255806,,phy. not avilable
ST-GSE-LA,SB,121,63,5,13215,,,,,,,,,1.3462218000000001,13215,13215,13215,13215,13215,0,0,9816.361612922921,,ok
ST-GSE-ST,SB,97,56,4,9550,,,,,,,,,0.76743296,9550,9550,9550,9550,9550,0,0,12444.083715143013,,ok
ST-GSE-WMN,SB,87,59,5,6360,,,,,,,,,0.9064878000000001,6360,6360,6360,6360,6360,0,0,7016.090012463487,,ok
ST-GSE-WMS,SB,86,60,5,8000,,,,,,,,,0.911256,8000,8000,8000,8000,8000,0,0,8779.09171517115,,phy. not avilable
ST-GSE-WMSF,SB,,,,,,,,,,,,,0,0,0,0,0,0,0,,,,phy. not avilable
ST-GSE-WMSW,SB,87,59,5,6360,,,,,,,,,0.9064878000000001,6360,6360,6360,6360,6360,0,0,7016.090012463487,,phy. not avilable
ST-HE,SB,85,58,4,7000,,,,,,,,,0.6965104000000001,7000,7000,7000,7000,7000,0,0,10050.101190161697,,ok
ST-HES,SB,85,66,5,10750,,,,,,,,,0.990726,10750,10750,10750,10750,10750,0,0,10850.628730849901,,ok
ST-KYA,SB,85,54,11,24500,,,,,,,,,1.7833068,24500,24500,24500,24500,24500,0,0,13738.522165675586,,ok
ST-MLM-L,SB,111,48,10,20500,,,,,,,,,1.8818496,20500,20500,20500,20500,20500,0,0,10893.537932043027,,ok
ST-MLM-N,SB,109,47,9,18300,,,,,,,,,1.62849924,18300,18300,18300,18300,18300,0,0,11237.340215154169,,ok
ST-RDO,SB,123,30,13,25000,,,,,,,,,1.6943004,25000,25000,25000,25000,25000,0,0,14755.35271077077,,ok
ST-RE,SB,97,49,8,16992,,,,,,,,,1.3430076800000001,16992,16992,16992,16992,16992,0,0,12652.198682884671,,ok
S-TW12-S4,SB,55,17,5,1790,,,,,,,,,0.16512100000000002,1790,1790,1790,1790,1790,0,0,10840.53512272818,,phy. not avilable
ST-WLD,SB,136,77,10,47550,,,,,,,,,3.6987104,47550,47550,47550,47550,47550,0,0,12855.83213003105,,phy. not avilable
S-XD,SB,98,25,10,9700,,,,,,,,,0.86534,9700,9700,9700,9700,9700,0,0,11209.466799177202,,ok
TP-MTA,SB,145,26,10,16000,,,,,,,,,1.331564,16000,16000,16000,16000,16000,0,0,12015.945159226294,,phy. not avilable
TS-FV,SB,56,29,9,5525,,,,,,,,,0.51623712,5525,5525,5525,5525,5525,0,0,10702.446193718111,,ok
TS-NL,SB,35,25,5,1100,,,,,,,,,0.15452500000000002,1100,1100,1100,1100,1100,0,0,7118.58922504449,,ok
TS-NL-A,SB,36,25,5,1515,,,,,,,,,0.15894,1515,1515,1515,1515,1515,0,0,9531.898829747075,,ok
TU-ARO-LA,SB,47,35,8,6000,,,,,,,,,0.4648112,6000,6000,6000,6000,6000,0,0,12908.466921623232,,ok
TU-ARO-ST,SB,35,30,9,3725,,,,,,,,,0.333774,3725,3725,3725,3725,3725,0,0,11160.24615458364,,phy. not avilable
TU-ATD,SB,175,42,6,21430,,,,,,,,,1.557612,21430,21430,21430,21430,21430,0,0,13758.24017791337,,ok
TU-AYL,SB,156,40,7,16800,,,,,,,,,1.5427776,16800,16800,16800,16800,16800,0,0,10889.450300548828,,ok
TU-BKMT,SB,195,40,10,32700,145,26,10,16000,,,,,4.086524,48700,48700,48700,48700,48700,0,0,11917.218643521977,,
TU-BKY,SB,195,40,10,32700,,,,,,,,,2.75496,32700,32700,32700,32700,32700,0,0,11869.500827598222,,phy. not avilable
TU-BVN,SB,91,54,9,28300,,,,,,,,,1.5620623200000001,28300,28300,28300,28300,28300,0,0,18117.074868050076,,ok
TU-CBR-LA,SB,117,30,6,8500,,,,,,,,,0.7438391999999999,8500,8500,8500,8500,8500,0,0,11427.200932674697,,ok
TU-CBR-ST,SB,69,28,6,5000,,,,,,,,,0.40942944,5000,5000,5000,5000,5000,0,0,12212.11645161618,,phy. not avilable
TU-CRL,SB,144,42,10,27500,,,,,,,,,2.1361536,27500,27500,27500,27500,27500,0,0,12873.60609274539,,ok
TU-DAR,SB,149,46,7,23500,,,,,,,,,1.69458296,23500,23500,23500,23500,23500,0,0,13867.718816197703,,phy. not avilable
TU-DRN,SB,164,40,7,17400,,,,,,,,,1.6218944000000002,17400,17400,17400,17400,17400,0,0,10728.195374495404,,ok
TU-DSK,SB,100,53,9,28500,,,,,,,,,1.684764,28500,28500,28500,28500,28500,0,0,16916.31587569535,,phy. not avilable
TU-ETY-LA,SB,127,30,9,13400,,,,,,,,,1.2111228,13400,13400,13400,13400,13400,0,0,11064.113399566088,,ok
TU-ETY-M,SB,98,27,6,6230,,,,,,,,,0.5607403200000001,6230,6230,6230,6230,6230,0,0,11110.312167314809,,ok
TU-ETY-ST,SB,97,31,8,11500,,,,,,,,,0.8496579200000001,11500,11500,11500,11500,11500,0,0,13534.858828833138,,ok
TU-FL,MB,207,45,10,47400,146,28,10,20000,158,28,7,15180,5.82772936,82580,82580,82580,82580,82580,0,0,14170.184457570624,,ok
TU-GAU,SB,92,53,9,19000,,,,,,,,,1.54998288,19000,19000,19000,19000,19000,0,0,12258.199909924168,,ok
TU-HMD,SB,134,44,10,26500,,,,,,,,,2.0824672,26500,26500,26500,26500,26500,0,0,12725.290463158315,,ok
TU-KU-LA,SB,127,35,7,12000,,,,,,,,,1.0989818,12000,12000,12000,12000,12000,0,0,10919.198115928762,,phy. not avilable
TU-KU-ST,SB,85,29,6,6000,,,,,,,,,0.5223827999999999,6000,6000,6000,6000,6000,0,0,11485.82993161337,,phy. not avilable
TU-KVD-LA,SB,97,30,5,4000,,,,,,,,,0.513906,4000,4000,4000,4000,4000,0,0,7783.52461345071,,ok
TU-KVD-ST,SB,66,29,5,3310,,,,,,,,,0.3380124,3310,3310,3310,3310,3310,0,0,9792.54015533158,,ok
TU-LE,SB,123,40,9,16000,,,,,,,,,1.5639696,16000,16000,16000,16000,16000,0,0,10230.377879467733,,phy. not avilable
TU-MA-LA,SB,96,31,4,4500,,,,,,,,,0.42044928,4500,4500,4500,4500,4500,0,0,10702.836736930552,,ok
TU-MA-ST,SB,68,31,5,3000,,,,,,,,,0.3722728,3000,3000,3000,3000,3000,0,0,8058.606484277121,,ok
TU-MLE,SB,65.7,29.2,5,4000,,,,,,,,,0.338796504,4000,4000,4000,4000,4000,0,0,11806.497271294158,,phy. not avilable
TU-MYN,SB,194,44,8,31500,,,,,,,,,2.41193216,31500,31500,31500,31500,31500,0,0,13060.068820509445,,ok
TU-NVH-M,SB,127,46,7,22400,,,,,,,,,1.44437608,22400,22400,22400,22400,22400,0,0,15508.426309579982,,phy. not avilable
TU-NVH-ST, ,,,,,,,,,,,,,0,0,0,0,0,0,0,,,,phy. not avilable
TU-OL,SB,116,40,7,12500,,,,,,,,,1.1471936,12500,12500,12500,12500,12500,0,0,10896.155627088574,,ok
TU-PMG-LA,SB,163,30,9,20850,,,,,,,,,1.5544332,20850,20850,20850,20850,20850,0,0,13413.249279544467,,ok
TU-PMG-ST,SB,135,35,8,14850,,,,,,,,,1.335096,14850,14850,14850,14850,14850,0,0,11122.795664132016,,ok
TU-PM-LA,SB,165,36,7,15850,,,,,,,,,1.4686056,15850,15850,15850,15850,15850,0,0,10792.550430149524,,phy. not avilable
TU-PMP-L,SB,166,37,8,18770,,,,,,,,,1.73548352,18770,18770,18770,18770,18770,0,0,10815.429696503254,,phy. not avilable
TU-PMP-S,SB,136,35,8,17600,,,,,,,,,1.3449856,17600,17600,17600,17600,17600,0,0,13085.641957802374,,phy. not avilable
TU-PMS-LA,SB,154,37,6,10850,,,,,,,,,1.20752016,10850,10850,10850,10850,10850,0,0,8985.35722997784,,ok
TU-PMS-ST,SB,135,36,7,8735,,,,,,,,,1.2015864,8735,8735,8735,8735,8735,0,0,7269.556313220589,,ok
TU-PM-ST,SB,135,36,7,10800,,,,,,,,,1.2015864,10800,10800,10800,10800,10800,0,0,8988.117708389509,,ok
TU-PR,SB,126,29,6,7700,,,,,,,,,0.77435568,7700,7700,7700,7700,7700,0,0,9943.75091301713,,ok
TU-PTL,SB,100,30,8,20000,,,,,,,,,0.84768,20000,20000,20000,20000,20000,0,0,23593.80898452246,,ok
TU-RE-LA,SB,148,35,6,12800,,,,,,,,,1.0977456,12800,12800,12800,12800,12800,0,0,11660.260810883687,,ok
TU-RE-ST,SB,82,36,7,8000,,,,,,,,,0.7298524799999999,8000,8000,8000,8000,8000,0,0,10961.119156572573,,phy. not avilable
TU-RWT-LA,MB,188,48,9,37800,148,53,8,30400,,,,,5.084949760000001,68200,68200,68200,68200,68200,0,0,13412.128579221202,,ok
TU-RWT-M,SB,158,45,13,42600,,,,,,,,,3.2646276,42600,42600,42600,42600,42600,0,0,13048.961541585939,,ok
TU-RYE-LA,SB,167,40,8,28560,,,,,,,,,1.8875008,28560,28560,28560,28560,28560,0,0,15131.119414624884,,ok
TU-RYE-ST,SB,137,30,10,18445,,,,,,,,,1.451652,18445,18445,18445,18445,18445,0,0,12706.213334876404,,ok
TU-SKD,SB,153,43,9,27630,,,,,,,,,2.09133252,27630,27630,27630,27630,27630,0,0,13211.672336066385,,ok
TU-SNQ-LA,SB,150,34,5,15500,,,,,,,,,0.9006599999999999,15500,15500,15500,15500,15500,0,0,17209.60184753403,,phy. not avilable
TU-TK-LA,SB,87,29,9,7800,,,,,,,,,0.80201124,7800,7800,7800,7800,7800,0,0,9725.549482323962,,ok
TU-TK-ST,SB,58,30,9,6500,,,,,,,,,0.5531112,6500,6500,6500,6500,6500,0,0,11751.70562447479,,ok
TU-TP,SB,45,24.5,5,2000,,,,,,,,,0.1947015,2000,2000,2000,2000,2000,0,0,10272.134523873725,,phy. not avilable
TU-TT-L,SB,55,32,3.5,2000,,,,,,,,,0.2175712,2000,2000,2000,2000,2000,0,0,9192.393110852907,,phy. not avilable
TU-TT-S,SB,41,25,4,1000,,,,,,,,,0.14481200000000002,1000,1000,1000,1000,1000,0,0,6905.505068640719,,phy. not avilable
TU-VC,SB,120,36,7,10000,,,,,,,,,1.0680768,10000,10000,10000,10000,10000,0,0,9362.622612905738,,phy. not avilable
TU-WBM,SB,196,43,8,31955,,,,,,,,,2.38141568,31955,31955,31955,31955,31955,0,0,13418.488955275545,,ok
WA-BLS, ,,,,,,,,,,,,,0,0,0,0,0,0,0,,,,phy. not avilable
WA-CCI.P-DW,SB,,,,,,,,,,,,,0,0,0,0,0,0,0,,,,phy. not avilable
WA-FBA.P-DW,SB,24,23,9,755,,,,,,,,,0.17546976,755,755,755,755,755,0,0,4302.735696452768,,ok
W-AND-10N,SB,185,50,9,45000,,,,,,,,,2.9403900000000003,45000,45000,45000,45000,45000,0,0,15304.092314284839,,ok
W-AND-11N,SB,185,51,10,47900,,,,,,,,,3.3324420000000003,47900,47900,47900,47900,47900,0,0,14373.843565769484,,ok
W-AND-12N,SB,186,51,10,48400,,,,,,,,,3.3504552,48400,48400,48400,48400,48400,0,0,14445.798290333803,,ok
W-AND-2M,MB,123,53,11,33900,186,51,10,44100,,,,,5.88321708,78000,78000,78000,78000,78000,0,0,13258.052344381622,,ok
W-AND-2N,MB,123,53,11,33901,186,51,10,44100,,,,,5.88321708,78001,78001,78001,78001,78001,0,0,13258.22231941168,,phy. not avilable
W-AND-3M,MB,130,54,9,29140,182,49,10,40230,188,51,8,35650,8.09054048,105020,105020,105020,105020,105020,0,0,12980.591378241272,,ok
W-AND-3N,MB,130,54,9,29140,180,48,10,37000,188,51,8,35650,7.992350880000001,101790,101790,101790,101790,101790,0,0,12735.927329556882,,ok
W-AND-4M,MB,166,53,10,44650,180,47,10,47370,185,50,8,44800,8.7092056,136820,136820,136820,136820,136820,0,0,15709.813992679194,,ok
W-AND-4N,MB,166,53,10,44650,180,48,10,44300,186,50,9,42900,9.1153856,131850,131850,131850,131850,131850,0,0,14464.555399609206,,ok
W-MLT-2N,MB,185,49,13,51900,,,,,,,,,4.1622854,51900,51900,51900,51900,51900,0,0,12469.111320429878,,phy. not avilable
W-MLT-3N,MB,192,46,12,48550,178,40,8,28500,,,,,5.75518208,77050,77050,77050,77050,77050,0,0,13387.9343744412,,phy. not avilable
W-MLT-4N,MB,157,47,9,32000,179,41,10,39000,185,46,8,40000,7.34235692,111000,111000,111000,111000,111000,0,0,15117.76139588703,,phy. not avilable
WT-EA,SB,,,,,,,,,,,,,0,0,0,0,0,0,0,,,,phy. not avilable
KH-SUT-5,SB,24,11,5,300,,,,,,,,,0.0466224,300,300,300,300,300,0,0,6434.675177597035,,
KH-SUT-10,SB,25,25,6,700,,,,,,,,,0.13244999999999998,700,700,700,700,700,0,0,5285.013212533032,,
KH-SUT-21,SB,36,33,6,1360,,,,,,,,,0.25176096,1360,1360,1360,1360,1360,0,0,5401.949531809857,,
TU-BKY-ST,SB,153,43,9,26000,,,,,,,,,2.09133252,26000,26000,26000,26000,26000,0,0,12432.26495612472,,
TU-WBM-ST,SB,153,43,9,23000,,,,,,,,,2.09133252,23000,23000,23000,23000,23000,0,0,10997.772845802638,,
KH-TOC-18,SB,39,30,8,3000,,,,,,,,,0.33059520000000003,3000,3000,3000,3000,3000,0,0,9074.541917124023,,
KH-TOC-40,SB,65,35,8,5000,,,,,,,,,0.6428240000000001,5000,5000,5000,5000,5000,0,0,7778.178786106305,,
SR-BKN-T,SB,150,42,14,40000,,,,,,,,,3.115224,40000,40000,40000,40000,40000,0,0,12840.168154842157,,
TS-NL-ST,SB,112,28,4,4000,,,,,,,,,0.44305408,4000,4000,4000,4000,4000,0,0,9028.24323387339,,
TS-NL-LA,SB,36,25,5,3800,,,,,,,,,0.15894,3800,3800,3800,3800,3800,0,0,23908.393104316096,,
WA-PYS-S,SB,70,25,5,2500,,,,,,,,,0.30905000000000005,2500,2500,2500,2500,2500,0,0,8089.305937550557,,
WA-PYS-N,SB,78,23,6,2200,,,,,,,,,0.38018448,2200,2200,2200,2200,2200,0,0,5786.664410919668,,
SH-YBO,SB,55,17,8,2500,,,,,,,,,0.2641936,2500,2500,2500,2500,2500,0,0,9462.757614113287,,
SH-DVN,SB,40,20,5,1700,,,,,,,,,0.14128000000000002,1700,1700,1700,1700,1700,0,0,12032.842582106454,,
ST-CBN-P,SB,152,58,9,25000,,,,,,,,,2.80243008,25000,25000,25000,25000,25000,0,0,8920.829168376611,,
BT-NHE,SB,56,30,11,7100,,,,,,,,,0.6527136,7100,7100,7100,7100,7100,0,0,10877.66518117594,,
KC-OPT-1N,SB,78,36,15,16100,,,,,,,,,1.4876783999999998,16100,16100,16100,16100,16100,0,0,10822.231471533096,,
KC-OPT-1S,SB,86,36,15,18000,,,,,,,,,1.6402608,18000,18000,18000,18000,18000,0,0,10973.864643963934,,
KC-SRN,SB,136,44,14,40000,,,,,,,,,2.9589683200000003,40000,40000,40000,40000,40000,0,0,13518.22516301898,,
SR-BKN-H,SB,187,43,14,59900,,,,,,,,,3.9761136799999997,59900,59900,59900,59900,59900,0,0,15064.961623531852,,
SR-MVS-IT,SB,146,48,10,29000,104,42,16,23000,,,,,4.943669760000001,52000,52000,52000,52000,52000,0,0,10518.501947832372,,
W-BNO,SB,154,49,13,39000,,,,,,,,,3.46482136,39000,39000,39000,39000,39000,0,0,11255.991564309681,,
W-CLO-345,SB,106,44,10,19000,145,44,9,25800,169,36,9,28000,5.60938112,72800,72800,72800,72800,72800,0,0,12978.258820823356,,
W-CLO-3,SB,106,44,10,19000,,,,,,,,,1.6473248,19000,19000,19000,19000,19000,0,0,11533.851733428648,,
W-CLO-4,SB,145,44,9,25800,,,,,,,,,2.0280744,25800,25800,25800,25800,25800,0,0,12721.42678789299,,
W-CLO-5,SB,169,36,9,28000,,,,,,,,,1.93398192,28000,28000,28000,28000,28000,0,0,14477.901634157986,,
W-MLT-M,SB,185,46,12,50000,,,,,,,,,3.6068784000000003,50000,50000,50000,50000,50000,0,0,13862.40245859134,,
KC-OPT-2N,SB,78,36,15,16100,78,36,15,16100,,,,,2.9753567999999997,32200,32200,32200,32200,32200,0,0,10822.231471533096,,
KC-OPT-2S,SB,86,36,15,18000,86,36,15,18000,,,,,3.2805216,36000,36000,36000,36000,36000,0,0,10973.864643963934,,
SR-MVS-I,SB,104,42,16,20000,,,,,,,,,2.46844416,20000,20000,20000,20000,20000,0,0,8102.269568860735,,
SR-MVS-T,SB,146,48,10,29000,,,,,,,,,2.4752256000000004,29000,29000,29000,29000,29000,0,0,11716.103776560809,,
B-MLT-D30T,SB,190,43,9,25000,,,,,,,,,2.5970796,25000,25000,25000,25000,25000,0,0,9626.197056108716,,
PU-SNM,SB,85,50,23,28200,,,,,,,,,3.4525300000000003,28200,28200,28200,28200,28200,0,0,8167.923233107314,,
SB-BNA,SB,85,37,15,16000,,,,,,,,,1.6662210000000002,16000,16000,16000,16000,16000,0,0,9602.567726610094,,
SR-FYN,SB,120,50,18,47000,,,,,,,,,3.81456,47000,47000,47000,47000,47000,0,0,12321.21135858395,,
TU-SKDL,SB,158,38,9,22900,,,,,,,,,1.90855152,22900,22900,22900,22900,22900,0,0,11998.62815335475,,
SB-VNO,SB,90,36,14,18000,,,,,,,,,1.6021151999999999,18000,18000,18000,18000,18000,0,0,11235.147135486888,,
SF-WBR-4LI,SB,1,1,1,56000,,,,,,,,,3.532e-05,56000,56000,56000,56000,56000,0,0,1585503963.7599094,,
SH-GTA,SB,52,32,10,3650,,,,,,,,,0.5877247999999999,3650,3650,3650,3650,3650,0,0,6210.389624531755,,
PU-SUB,SB,87,42,1,25300,,,,,,,,,0.12905928,25300,25300,25300,25300,25300,0,0,196033.94657090912,,
SR-WMO,SB,129,43,13,26500,,,,,,,,,2.54696052,26500,26500,26500,26500,26500,0,0,10404.55860697833,,
ST-RDO-ST,SB,87,45,8,14700,,,,,,,,,1.1062224,14700,14700,14700,14700,14700,0,0,13288.4671292138,,
PU-SUB-ST,SB,82,42,11,13200,,,,,,,,,1.33806288,13200,13200,13200,13200,13200,13200,13200,13200,,
PU-DRV,SB,48,30,8,4800,,,,,,,,,0.40688640000000004,4800,4800,4800,4800,4800,4800,4800,4800,,
SH-DVN-ST,SB,37,10,6,600,,,,,,,,,0.0784104,600,600,600,600,600,600,600,600,,
,,,,,,,,,,,,,,,0,,0,0,0,,,,,
